Name,Train R²,Test R²,Validation R²,Train MAPE,Test MAPE,Validation MAPE,Best Parameters
"City of Tacoma, Department of Public Utilities",0.9961721935101707,0.9750630678387977,0.9650368854995625,1.0245699609959402,2.729030515510825,2.839802004731172,"{'learning_rate': 0.05, 'max_depth': 5, 'n_estimators': 800, 'subsample': 0.5, 'colsample_bytree': 0.8, 'min_child_weight': 3, 'gamma': 0.1}"
Avista Corporation,0.9988401181918096,0.9709569981675742,0.9573477296488664,0.5484612984764732,2.4858388832720753,3.2884529933699844,"{'learning_rate': 0.05, 'max_depth': 7, 'n_estimators': 800, 'subsample': 0.5, 'colsample_bytree': 0.8, 'min_child_weight': 7, 'gamma': 0.1}"
PACW-TAC,0.997496688089733,0.9675390661027453,0.9649996993969316,0.6805851282757608,2.442805587580038,2.988945835910849,"{'learning_rate': 0.1, 'max_depth': 5, 'n_estimators': 800, 'subsample': 0.8, 'colsample_bytree': 0.8, 'min_child_weight': 7, 'gamma': 0.1}"
"Puget Sound Energy, Inc.",0.9992203006063247,0.9597419858351118,0.9536510277833841,0.43147022821897796,3.031790173898876,3.027881549919321,"{'learning_rate': 0.05, 'max_depth': 7, 'n_estimators': 800, 'subsample': 0.8, 'colsample_bytree': 0.8, 'min_child_weight': 3, 'gamma': 0.1}"
Seattle City Light,0.9957676084874649,0.9479172927747871,0.9277335852263311,0.9320759779866197,3.7042829537233097,3.4324992937813397,"{'learning_rate': 0.05, 'max_depth': 5, 'n_estimators': 800, 'subsample': 0.9, 'colsample_bytree': 0.9, 'min_child_weight': 7, 'gamma': 0.1}"
BPA,0.9975343786551402,0.9418282341096669,0.8740426961172477,0.5989768395728088,2.8666082292633956,4.382646669425537,"{'learning_rate': 0.1, 'max_depth': 5, 'n_estimators': 800, 'subsample': 0.7, 'colsample_bytree': 0.8, 'min_child_weight': 5, 'gamma': 0.1}"
Idaho Power Company,0.9990446326352689,0.923343384839857,0.9081200428088045,0.5435492041022696,4.095405097967621,4.007317079264276,"{'learning_rate': 0.05, 'max_depth': 7, 'n_estimators': 800, 'subsample': 0.8, 'colsample_bytree': 0.7, 'min_child_weight': 5, 'gamma': 0.1}"
Portland General Electric Company,0.9986031487127619,0.9215647699425792,0.9000579924498059,0.469710589938078,3.613993593734356,5.176761694039773,"{'learning_rate': 0.05, 'max_depth': 7, 'n_estimators': 800, 'subsample': 0.8, 'colsample_bytree': 0.8, 'min_child_weight': 5, 'gamma': 0.1}"
