Name,Train R²,Test R²,Validation R²,Train MAPE,Test MAPE,Validation MAPE,Best Parameters
"City of Tacoma, Department of Public Utilities",0.9997823143015385,0.9739379917124192,0.9666148336852718,0.24400151246966564,2.792738522627088,2.7570760700825114,"{'learning_rate': 0.1, 'max_depth': 7, 'n_estimators': 800, 'subsample': 0.8, 'colsample_bytree': 0.8, 'min_child_weight': 5, 'gamma': 0.1}"
Avista Corporation,0.9979548498826498,0.9707391758854341,0.958445553471759,0.7297559881177516,2.612389112436999,3.2658933347273065,"{'learning_rate': 0.1, 'max_depth': 5, 'n_estimators': 800, 'subsample': 0.9, 'colsample_bytree': 0.8, 'min_child_weight': 5, 'gamma': 0.1}"
PACW-TAC,0.9973495639663501,0.96795595388377,0.9557940961521224,0.6993763057827,2.4080176384416574,3.2475978046883633,"{'learning_rate': 0.1, 'max_depth': 5, 'n_estimators': 800, 'subsample': 0.8, 'colsample_bytree': 0.9, 'min_child_weight': 5, 'gamma': 0.1}"
"Puget Sound Energy, Inc.",0.9957498639578785,0.9644123460470474,0.9527104403598667,0.9879494132236615,2.9335848928766595,3.1038885690120606,"{'learning_rate': 0.05, 'max_depth': 5, 'n_estimators': 800, 'subsample': 1.0, 'colsample_bytree': 0.8, 'min_child_weight': 5, 'gamma': 0.1}"
Seattle City Light,0.9978524557540887,0.9528536538779045,0.9308195529975338,0.6785800365643101,3.474398097863344,3.2831981947137696,"{'learning_rate': 0.1, 'max_depth': 5, 'n_estimators': 800, 'subsample': 0.8, 'colsample_bytree': 0.8, 'min_child_weight': 7, 'gamma': 0.1}"
BPA,0.9925428032431632,0.9469246887059181,0.888248263921713,1.034513513477398,2.680777873302876,4.027106581789748,"{'learning_rate': 0.2, 'max_depth': 3, 'n_estimators': 800, 'subsample': 0.8, 'colsample_bytree': 0.8, 'min_child_weight': 5, 'gamma': 0.1}"
Portland General Electric Company,0.9985068293323694,0.9246990519293865,0.8947565172858382,0.4815015512953721,3.514679933389691,5.32047635999752,"{'learning_rate': 0.05, 'max_depth': 7, 'n_estimators': 800, 'subsample': 0.9, 'colsample_bytree': 0.8, 'min_child_weight': 5, 'gamma': 0.1}"
Idaho Power Company,0.9990613467291688,0.9242607450098473,0.9152673250586092,0.5392268260168432,4.101913897917026,3.8713869429848864,"{'learning_rate': 0.05, 'max_depth': 7, 'n_estimators': 800, 'subsample': 0.8, 'colsample_bytree': 0.5, 'min_child_weight': 5, 'gamma': 0.1}"
